question,answer,result,answerScore,retrievalScore,latency
give me a sample solidity contract to use Chainlink price feeds?,"// SPDX-License-Identifier: MIT
pragma solidity ^0.8.7;

import ""@chainlink/contracts/src/v0.8/interfaces/AggregatorV3Interface.sol"";

contract PriceConsumerV3 {
    AggregatorV3Interface internal priceFeed;

    /**
     * Network: Sepolia
     * Aggregator: BTC/USD
     * Address: 0x1b44F3514812d835EB1BDB0acB33d3fA3351Ee43
     */
    constructor() {
        priceFeed = AggregatorV3Interface(
            0x1b44F3514812d835EB1BDB0acB33d3fA3351Ee43
        );
    }

    /**
     * Returns the latest price.
     */
    function getLatestPrice() public view returns (int) {
        // prettier-ignore
        (
            /* uint80 roundID */,
            int price,
            /*uint startedAt*/,
            /*uint timeStamp*/,
            /*uint80 answeredInRound*/
        ) = priceFeed.latestRoundData();
        return price;
    }
}","
// SPDX-License-Identifier: MIT
pragma solidity ^0.8.7;

import ""@chainlink/contracts/src/v0.8/interfaces/AggregatorV3Interface.sol"";

contract PriceConsumerV3 {
    AggregatorV3Interface internal priceFeed;

    /**
     * Network: Sepolia
     * Aggregator: BTC/USD
     * Address: 0x1b44F3514812d835EB1BDB0acB33d3fA3351Ee43
     */
    constructor() {
        priceFeed = AggregatorV3Interface(
            0x1b44F3514812d835EB1BDB0acB33d3fA3351Ee43
        );
    }

    /**
     * Returns the latest price.
     */
    function getLatestPrice() public view returns (int) {
        // prettier-ignore
        (
            /* uint80 roundID */,
            int price,
            /*uint startedAt*/,
            /*uint timeStamp*/,
            /*","{'score': 1, 'justification': 'Correct'}","{'score': 1, 'justification': 'Correct'}",22.771287202835083
give me a sample solidity contract to use Chainlink VRF?,"// SPDX-License-Identifier: MIT
pragma solidity ^0.8.7;

import ""@chainlink/contracts/src/v0.8/interfaces/VRFCoordinatorV2Interface.sol"";
import ""@chainlink/contracts/src/v0.8/VRFConsumerBaseV2.sol"";

contract VRFD20 is VRFConsumerBaseV2 {

}
uint64 s_subscriptionId;
address vrfCoordinator = 0x2Ca8E0C643bDe4C2E08ab1fA0da3401AdAD7734D;
bytes32 s_keyHash = 0x79d3d8832d904592c0bf9818b621522c988bb8b0c05cdc3b15aea1b6e8db0c15;
uint32 callbackGasLimit = 40000;
uint16 requestConfirmations = 3;
uint32 numWords =  1;
)
(
give me a sample solidity contract to request data from a public API in a smart contract using chainlink?,
// SPDX-License-Identifier: MIT
pragma solidity ^0.8.7;

import ""@chainlink/contracts/src/v0.8/ChainlinkClient.sol"";
import ""@chainlink/contracts/src/v0.8/ConfirmedOwner.sol"";

/**
 * Request testnet LINK and ETH here: https://faucets.chain.link/
 * Find information on LINK Token Contracts and get the latest ETH and LINK faucets here: https://docs.chain.link/docs/link-token-contracts/
 */

/**
 * THIS IS AN EXAMPLE CONTRACT WHICH USES HARDCODED VALUES FOR CLARITY.
 * THIS EXAMPLE USES UN-AUDITED CODE.
 * DO NOT USE THIS CODE IN PRODUCTION.
 */

contract APIConsumer is ChainlinkClient, ConfirmedOwner {
    using Chainlink for Chainlink.Request;

    uint256 public volume;
    bytes32 private jobId;
    uint256 private fee;

    event RequestVolume(bytes32 indexed requestId, uint256 volume);

    /**
     * @notice Initialize the link token and target oracle
     *
     * Sepolia Testnet details:
     * Link Token: 0x779877A7B0D9E8603169DdbD7836e478b4624789
     * Oracle: 0x6090149792dAAeE9D1D568c9f9a6F6B46AA29eFD (Chainlink DevRel)
     * jobId: ca98366cc7314957b8c012c72f05aeeb
     *
     */
    constructor() ConfirmedOwner(msg.sender) {
        setChainlinkToken(0x779877A7B0D9E8603169DdbD7836e478b4624789);
        setChainlinkOracle(0x6090149792dAAeE9D1D568c9f9a6F6B46AA29eFD);
        jobId = ""ca98366cc7314957b8c012c72f05aeeb"";
        fee = (1 * LINK_DIVISIBILITY) / 10; // 0,1 * 10**18 (Varies by network and job)
    }

    /**
     * Create a Chainlink request to retrieve API response, find the target
     * data, then multiply by 1000000000000000000 (to remove decimal places from data).
     */
    function requestVolumeData() public returns (bytes32 requestId) {
        Chainlink.Request memory req = buildChainlinkRequest(
            jobId,
            address(this),
            this.fulfill.selector
        );

        // Set the URL to perform the GET request on
        req.add(
            ""get"",
            ""https://min-api.cryptocompare.com/data/pricemultifull?fsyms=ETH&tsyms=USD""
        );

        // Set the path to find the desired data in the API response, where the response format is:
        // {""RAW"":
        //   {""ETH"":
        //    {""USD"":
        //     {
        //      ""VOLUME24HOUR"": xxx.xxx,
        //     }
        //    }
        //   }
        //  }
        // request.add(""path"", ""RAW.ETH.USD.VOLUME24HOUR""); // Chainlink nodes prior to 1.0.0 support this format
        req.add(""path"", ""RAW,ETH,USD,VOLUME24HOUR""); // Chainlink nodes 1.0.0 and later support this format

        // Multiply the result by 1000000000000000000 to remove decimals
        int256 timesAmount = 10 ** 18;
        req.addInt(""times"", timesAmount);

        // Sends the request
        return sendChainlinkRequest(req, fee);
    }

    /**
     * Receive the response in the form of uint256
     */
    function fulfill(
        bytes32 _requestId,
        uint256 _volume
    ) public recordChainlinkFulfillment(_requestId) {
        emit RequestVolume(_requestId, _volume);
        volume = _volume;
    }

    /**
     * Allow withdraw of Link tokens from the contract
     */
    function withdrawLink() public onlyOwner {
        LinkTokenInterface link = LinkTokenInterface(chainlinkTokenAddress());
        require(
            link.transfer(msg.sender, link.balanceOf(address(this))),
            ""Unable to transfer""
        );
    }
}","
pragma solidity ^0.8.7;

import ""@chainlink/contracts/src/v0.8/interfaces/VRFCoordinatorV2Interface.sol"";
import ""@chainlink/contracts/src/v0.8/VRFConsumerBaseV2.sol"";
import ""@chainlink/contracts/src/v0.8/ConfirmedOwner.sol"";

/**
 * Request testnet LINK and ETH here: https://faucets.chain.link/
 * Find information on LINK Token Contracts and get the latest ETH and LINK faucets here:
information on LINK Token Contracts and get the latest ETH and LINK faucets here: https://docs.chain.link/docs/link-token-contracts/
 */

/**
 * THIS IS AN EXAMPLE CONTRACT THAT USES HARDCODED VALUES FOR CLARITY.
 * THIS IS AN EXAMPLE CONTRACT THAT USES UN-AUDITED CODE.
 * DO NOT USE THIS CODE IN PRODUCTION.
 */

contract VRFv2Consumer is VRFConsumerBaseV2, ConfirmedOwner {
    event Request","{'score': 0, 'justification': 'Incorrect'}","{'score': 1, 'justification': 'Correct'}",27.58795738220215
give me a sample solidity contract to use NFT Floor Price Feeds?,"// SPDX-License-Identifier: MIT
pragma solidity ^0.8.7;

import ""@chainlink/contracts/src/v0.8/interfaces/AggregatorV3Interface.sol"";

contract NFTFloorPriceConsumerV3 {
    AggregatorV3Interface internal nftFloorPriceFeed;

    /**
     * Network: Goerli - No Sepolia feeds available at this time
     * Aggregator: CryptoPunks
     * Address: 0x5c13b249846540F81c093Bc342b5d963a7518145
     */
    constructor() {
        nftFloorPriceFeed = AggregatorV3Interface(
            0x5c13b249846540F81c093Bc342b5d963a7518145
        );
    }

    /**
     * Returns the latest price
     */
    function getLatestPrice() public view returns (int) {
        // prettier-ignore
        (
            /*uint80 roundID*/,
            int nftFloorPrice,
            /*uint startedAt*/,
            /*uint timeStamp*/,
            /*uint80 answeredInRound*/
        ) = nftFloorPriceFeed.latestRoundData();
        return nftFloorPrice;
    }
}","
// SPDX-License-Identifier: MIT
pragma solidity ^0.8.7;

import ""@chainlink/contracts/src/v0.8/interfaces/AggregatorV3Interface.sol"";

contract NFTFloorPriceConsumerV3 {
    AggregatorV3Interface internal nftFloorPriceFeed;

    /**
     * Network: Goerli - No Sepolia feeds available at this time
     * Aggregator: CryptoPunks
     * Address: 0x5c13b249846540F81c093Bc342b5d963a7518145
     */
    constructor() {
        nftFloorPriceFeed = AggregatorV3Interface(
            0x5c13b249846540F81c093Bc342b5d963a7518145
        );
    }

    /**
     * Returns the latest price
     */
    function getLatestPrice() public view returns (int) {
        // prettier-ignore
        (
            /*uint80 roundID*/,
            int nftFloorPrice","{'score': 1, 'justification': 'Correct'}","{'score': 1, 'justification': 'Correct'}",29.323694705963135
give me a sample solidity contract to use Proof of Reserve Feeds?,"// SPDX-License-Identifier: MIT
pragma solidity ^0.8.7;

import ""@chainlink/contracts/src/v0.8/interfaces/AggregatorV3Interface.sol"";

contract ReserveConsumerV3 {
    AggregatorV3Interface internal reserveFeed;

    /**
     * Network: Ethereum Mainnet
     * Aggregator: WBTC PoR
     * Address: 0xa81FE04086865e63E12dD3776978E49DEEa2ea4e
     */
    constructor() {
        reserveFeed = AggregatorV3Interface(
            0xa81FE04086865e63E12dD3776978E49DEEa2ea4e
        );
    }

    /**
     * Returns the latest price
     */
    function getLatestReserve() public view returns (int) {
        // prettier-ignore
        (
            /*uint80 roundID*/,
            int reserve,
            /*uint startedAt*/,
            /*uint timeStamp*/,
            /*uint80 answeredInRound*/
        ) = reserveFeed.latestRoundData();

        return reserve;
    }
}","
// SPDX-License-Identifier: MIT
pragma solidity ^0.8.7;

import ""@chainlink/contracts/src/v0.8/interfaces/AggregatorV3Interface.sol"";

contract ReserveConsumerV3 {
    AggregatorV3Interface internal reserveFeed;

    /**
     * Network: Ethereum Mainnet
     * Aggregator: WBTC PoR
     * Address: 0xa81FE04086865e63E12dD3776978E49DEEa2ea4e
     */
    constructor() {
        reserveFeed = AggregatorV3Interface(
            0xa81FE04086865e63E12dD3776978E49DEEa2ea4e
        );
    }

    /**
     * Returns the latest price
     */
    function getLatestReserve() public view returns (int) {
        // prettier-ignore
        (
            /*uint80 roundID*/,
            int reserve,
            /*uint startedAt*/,
            /*uint timeStamp*/,
            /*uint80 answeredIn","{'score': 1, 'justification': 'Correct'}","{'score': 1, 'justification': 'Correct'}",22.933032989501953
Give sample code for an example contract that obtains the latest price answer from the BTC / USD feed on the Sepolia testnet?,"// SPDX-License-Identifier: MIT
pragma solidity ^0.8.7;

import ""@chainlink/contracts/src/v0.8/interfaces/AggregatorV3Interface.sol"";

contract PriceConsumerV3 {
    AggregatorV3Interface internal priceFeed;

    /**
     * Network: Sepolia
     * Aggregator: BTC/USD
     * Address: 0x1b44F3514812d835EB1BDB0acB33d3fA3351Ee43
     */
    constructor() {
        priceFeed = AggregatorV3Interface(
            0x1b44F3514812d835EB1BDB0acB33d3fA3351Ee43
        );
    }

    /**
     * Returns the latest price.
     */
    function getLatestPrice() public view returns (int) {
        // prettier-ignore
        (
            /* uint80 roundID */,
            int price,
            /*uint startedAt*/,
            /*uint timeStamp*/,
            /*uint80 answeredInRound*/
        ) = priceFeed.latestRoundData();
        return price;
    }
}","
pragma solidity ^0.6.0;

import ""https://docs.chain.link/samples/PriceFeeds/AggregatorV3Interface.sol"";

contract PriceConsumerV3 {
    AggregatorV3Interface public priceFeed;

    constructor() public {
        // Set the price feed to the Sepolia BTC/USD feed
        priceFeed = AggregatorV3Interface(0x1b44F3514812d835EB1BDB0acB33d3fA3351Ee43);
    }

    // Get the latest price answer from the BTC/USD feed
    function getLatestPrice() public view returns (uint) {
        (uint price,) = priceFeed.latestRoundData();
        return price;
    }
}","{'score': 1, 'justification': 'Correct'}","{'score': 1, 'justification': 'Correct'}",17.834142208099365
Give code examples to demonstrate how to deploy a consumer contract on-chain that reads a data feed and stores the value?,"// SPDX-License-Identifier: MIT
pragma solidity ^0.8.7;

import ""@chainlink/contracts/src/v0.8/interfaces/AggregatorV3Interface.sol"";

contract PriceConsumerV3 {
    AggregatorV3Interface internal priceFeed;

    /**
     * Network: Sepolia
     * Aggregator: BTC/USD
     * Address: 0x1b44F3514812d835EB1BDB0acB33d3fA3351Ee43
     */
    constructor() {
        priceFeed = AggregatorV3Interface(
            0x1b44F3514812d835EB1BDB0acB33d3fA3351Ee43
        );
    }

    /**
     * Returns the latest price.
     */
    function getLatestPrice() public view returns (int) {
        // prettier-ignore
        (
            /* uint80 roundID */,
            int price,
            /*uint startedAt*/,
            /*uint timeStamp*/,
            /*uint80 answeredInRound*/
        ) = priceFeed.latestRoundData();
        return price;
    }
}","
Below is an example of code that can be used to deploy a consumer contract on-chain that reads a data feed and stores the value:

pragma solidity ^0.6.0;

contract ConsumerContract {
  // Store the data feed value
  uint256 public dataFeedValue;

  // Read the data feed
  function readDataFeed() public {
    // Get the data feed value
    dataFeedValue = DataFeed.getValue();
  }
}","{'score': 0, 'justification': 'Incorrect'}","{'score': 1, 'justification': 'Correct'}",11.08543610572815
Write code to show how to use web3.js to retrieve feed data from a price feed?,"/**
 * THIS IS EXAMPLE CODE THAT USES HARDCODED VALUES FOR CLARITY.
 * THIS IS EXAMPLE CODE THAT USES UN-AUDITED CODE.
 * DO NOT USE THIS CODE IN PRODUCTION.
 */

const Web3 = require(""web3"") // for nodejs only
const web3 = new Web3(""https://rpc.ankr.com/eth_sepolia"")
const aggregatorV3InterfaceABI = [
  {
    inputs: [],
    name: ""decimals"",
    outputs: [{ internalType: ""uint8"", name: """", type: ""uint8"" }],
    stateMutability: ""view"",
    type: ""function"",
  },
  {
    inputs: [],
    name: ""description"",
    outputs: [{ internalType: ""string"", name: """", type: ""string"" }],
    stateMutability: ""view"",
    type: ""function"",
  },
  {
    inputs: [{ internalType: ""uint80"", name: ""_roundId"", type: ""uint80"" }],
    name: ""getRoundData"",
    outputs: [
      { internalType: ""uint80"", name: ""roundId"", type: ""uint80"" },
      { internalType: ""int256"", name: ""answer"", type: ""int256"" },
      { internalType: ""uint256"", name: ""startedAt"", type: ""uint256"" },
      { internalType: ""uint256"", name: ""updatedAt"", type: ""uint256"" },
      { internalType: ""uint80"", name: ""answeredInRound"", type: ""uint80"" },
    ],
    stateMutability: ""view"",
    type: ""function"",
  },
  {
    inputs: [],
    name: ""latestRoundData"",
    outputs: [
      { internalType: ""uint80"", name: ""roundId"", type: ""uint80"" },
      { internalType: ""int256"", name: ""answer"", type: ""int256"" },
      { internalType: ""uint256"", name: ""startedAt"", type: ""uint256"" },
      { internalType: ""uint256"", name: ""updatedAt"", type: ""uint256"" },
      { internalType: ""uint80"", name: ""answeredInRound"", type: ""uint80"" },
    ],
    stateMutability: ""view"",
    type: ""function"",
  },
  {
    inputs: [],
    name: ""version"",
    outputs: [{ internalType: ""uint256"", name: """", type: ""uint256"" }],
    stateMutability: ""view"",
    type: ""function"",
  },
]
const addr = ""0x1b44F3514812d835EB1BDB0acB33d3fA3351Ee43""
const priceFeed = new web3.eth.Contract(aggregatorV3InterfaceABI, addr)
priceFeed.methods
  .latestRoundData()
  .call()
  .then((roundData) => {
    // Do something with roundData
    console.log(""Latest Round Data"", roundData)
  })","
/**
 * THIS IS EXAMPLE CODE THAT USES HARDCODED VALUES FOR CLARITY.
 * THIS IS EXAMPLE CODE THAT USES UN-AUDITED CODE.
 * DO NOT USE THIS CODE IN PRODUCTION.
 */

const Web3 = require(""web3"") // for nodejs only
const web3 = new Web3(""https://rpc.ankr.com/eth_sepolia"")
const aggregatorV3InterfaceABI = [
  {
    inputs: [],
    name: ""decimals"",
    outputs: [{ internalType: ""uint8"", name: """", type: ""uint8"" }],
    stateMutability: ""view"",
    type: ""function"",
  },
  {
    inputs: [],
    name: ""description"",
    outputs: [{ internalType: ""string"", name: """", type: ""string"" }],
    stateMutability: ""view"",
    type: ""function"",
  },
  {
    inputs: [{ internalType: ""uint80"", name: ""_roundId"", type: ""uint80"" }],","{'score': 1, 'justification': 'Correct'}","{'score': 1, 'justification': 'Correct'}",23.548218965530396
What is the LINK token contract on ethereum mainnet?,0x514910771AF9Ca656af840dff83E8264EcF986CA,"
The LINK token contract on Ethereum mainnet is an ERC677 token that inherits functionality from the ERC20 token standard and allows token transfers to contain a data payload. The address of the contract is 0x514910771AF9Ca656af840dff83E8264EcF986CA.","{'score': 1, 'justification': 'Correct'}","{'score': 1, 'justification': 'Correct'}",5.341244220733643
What is the chainlink price feed address for 1INCH / ETH?,0x72AFAECF99C9d9C8215fF44C77B94B99C28741e8,"
0x72AFAECF99C9d9C8215fF44C77B94B99C28741e8","{'score': 1, 'justification': 'Correct'}","{'score': 1, 'justification': 'Correct'}",3.6698904037475586
What is the proof of reserve address for CacheGold PoR USD on Goerli Testnet?,Not provided in the context,"
The proof of reserve address for CacheGold PoR USD on Goerli Testnet is 0x5586bF404C7A22A4a4077401272cE5945f80189C.","{'score': 0, 'justification': 'Incorrect'}","{'score': 0, 'justification': 'Incorrect'}",7.485066890716553
What is the rate and Volatility Feed Address for 30-Day ETH APR?,0xceA6Aa74E6A86a7f85B571Ce1C34f1A60B77CD29,"
The Rate and Volatility Feed Address for 30-Day ETH APR can be found on the Rate and Volatility Feed Addresses page at https://docs.chain.link/data-feeds/rates-feeds/addresses.","{'score': 1, 'justification': 'Correct'}","{'score': 1, 'justification': 'Correct'}",5.42429780960083
What is the NFT floor price address for Bored Ape Yacht Club Floor Price / ETH on ethereum main net?,0x352f2Bc3039429fC2fe62004a1575aE74001CfcE,"
0x352f2Bc3039429fC2fe62004a1575aE74001CfcE","{'score': 1, 'justification': 'Correct'}","{'score': 1, 'justification': 'Correct'}",6.261025428771973
What is Chainlink?,"Chainlink is a decentralized oracle network that enables smart contracts on Ethereum to securely connect to external data sources, APIs, and payment systems.

Smart contracts are self-executing contracts with the terms of the agreement directly written into code. They're hosted on blockchain platforms, like Ethereum, and provide many advantages such as trustless execution, efficiency, and transparency. However, one limitation of smart contracts is that they cannot access off-chain data (data outside of the blockchain) directly due to the blockchain's deterministic nature.

Chainlink solves this problem by providing reliable and secure bridges between smart contracts and off-chain data sources. This connection is achieved through a network of decentralized oracle nodes, which fetch and verify real-world data before delivering it to smart contracts.

For example, a smart contract for a decentralized weather betting application could use Chainlink to access real-world weather data. Chainlink nodes retrieve the necessary data from weather APIs and deliver it to the smart contract, which then executes based on the provided data.

Chainlink also has its own native cryptocurrency called LINK, which is used to pay for services within the ecosystem.","
Chainlink is a decentralized oracle network that provides reliable, tamper-proof inputs and outputs for complex smart contracts on any blockchain. It enables developers to securely connect smart contracts to external data sources, APIs, and payment systems.","{'score': 1, 'justification': 'Correct'}","{'score': 1, 'justification': 'Correct'}",6.104877710342407
What is a runlog initiator in chainlink?,"The RunLog initiator is an integral component of the Chainlink Node job specifications. It is specifically designed to listen for Ethereum log events (in this case, the Chainlink-specific event ""RunRequest"") that are emitted by the Chainlink Oracle contract when someone requests data from a Chainlink Node.

This initiator responds to requests for external data made by smart contracts on the Ethereum blockchain. When a smart contract emits a RunRequest event, this is picked up by the RunLog initiator, which then triggers a job run on the Chainlink node.

The RunLog initiator allows smart contracts to specify the data they want to retrieve and also helps in the preparation of data before it is sent back to the requesting contract. The data request and delivery process is handled securely and trustlessly, maintaining the decentralization and security principles of blockchain technology.

The Chainlink Oracle contract is an Ethereum smart contract that serves as an intermediary between the Chainlink node and the smart contract requesting data. It manages requests for data and the delivery of responses back to the requesting contract.","
A RunLog initiator is a type of initiator in Chainlink that enables jobs to be triggered by log events from a specific Ethereum address. It works by watching the blockchain for any log events that include the job's ID, and if any of the events match the log event signature of the Chainlink oracle contract, then the Chainlink node parses the data out of that log and passes it into a new log run. A new run created by a RunLog is automatically given the parameters needed for an EthTx task to report the run back to the contract that originally created the event log.","{'score': 1, 'justification': 'Correct'}","{'score': 1, 'justification': 'Correct'}",12.760975360870361
What are Chainlink data feeds?,"Chainlink Price Feeds, often just called Chainlink data feeds, are decentralized oracle networks that provide smart contracts with access to high-quality, tamper-proof data.

These data feeds are primarily used to provide real-time price information for various cryptocurrencies, commodities, and other assets. They allow smart contracts to access the current market price of assets without having to interact with external APIs themselves, thus enhancing security, reliability, and transparency.

Here's how Chainlink data feeds work:

Multiple independent, Sybil-resistant oracle nodes fetch data from various high-quality data sources.

Each oracle node retrieves the data independently, which eliminates the risk of a single point of failure.

The individual data points are then aggregated into a single data point, which is written onto the blockchain.

This final, aggregated data point is the one that smart contracts interact with.

The data feeds use a decentralization approach at both the data source and oracle levels, ensuring the data is reliable and resistant to manipulation. This way, even if one data source or one oracle node reports incorrect data, the impact on the overall feed is minimal, ensuring the integrity of the data.

Chainlink data feeds are used widely across the decentralized finance (DeFi) space, powering various protocols, lending platforms, stablecoins, and more. As of my training cut-off in September 2021, Chainlink is one of the most prominent providers of decentralized oracle solutions.","
Chainlink Data Feeds are decentralized oracle networks that provide real-world data such as asset prices, reserve balances, NFT floor prices, and L2 sequencer health to smart contracts. They are composed of a consumer, a proxy contract, and an aggregator contract. Consumers are on-chain or off-chain applications that use Data Feeds, while the proxy contract points to the aggregator for a particular data feed. The aggregator contract receives periodic data updates from the oracle network and stores aggregated data on-chain so that consumers can retrieve it and act upon it within the same transaction.","{'score': 1, 'justification': 'Correct'}","{'score': 1, 'justification': 'Correct'}",12.698495388031006
What is a Chainlink subscription account?,An account that holds LINK tokens and makes them available to fund requests to Chainlink VRF v2 coordinators.,"
A Chainlink subscription account is an account that holds LINK tokens and makes them available to fund requests to Chainlink VRF v2 coordinators. It is managed by a wallet address that creates and manages the subscription account. Any account can add LINK to the subscription balance, but only the owner can add approved consuming contracts or withdraw funds.","{'score': 1, 'justification': 'Correct'}","{'score': 1, 'justification': 'Correct'}",11.247110605239868
How can i request data from a public API in a smart contract using chainlink?,"Here are the general steps to request data from a public API using Chainlink within a smart contract:

Install Chainlink: First, you need to have Chainlink installed and properly configured. This would typically involve running a Chainlink Node or using nodes provided by others.

Create a Smart Contract: Write a smart contract in Solidity (the programming language for Ethereum smart contracts) that includes the Chainlink library and uses its functions to make a data request.

Request Data: Within the smart contract, make a request to Chainlink, specifying the public API you want to fetch data from and the Chainlink node that will fulfill the request. You would typically do this using Chainlink's buildChainlinkRequest function, and then sending it via the sendChainlinkRequestTo function.

Handle the Response: Write a callback function in your smart contract to receive and handle the data from the Chainlink oracle. This function is specified when you make the data request.

Fund Your Contract: Since Chainlink nodes require payment in LINK tokens for data requests, you'll need to transfer some LINK to your smart contract.","
Using Chainlink, developers can connect smart contracts to off-chain data feeds by making HTTP GET requests. The Chainlink contract library provides the tools required for a contract to consume data from a public API. Developers can make HTTP GET Single Word Response, HTTP GET Multi-Variable Responses, and HTTP GET Element in Array Response requests to retrieve the value of one single attribute, the values of multiple attributes, and the target element's value, respectively. Additionally, developers can call a job that leverages External adapters and returns the relevant data to the smart contract. This allows building succinct smart contracts that do not need to comprehend the URL or the response format of the target API.","{'score': 1, 'justification': 'Correct'}","{'score': 1, 'justification': 'Correct'}",10.922094106674194
What is an adapter in chainlink?,"Core adapters are the built-in functionality that every Chainlink node supports. Strung together, they act as tasks that need to be performed to complete a Job.

Adapters that are prefixed with ""Eth"" refer to tasks that post data onto the chain.","
An adapter in Chainlink is a service that the core of the Chainlink node communicates with via its API, using a simple JSON specification. Adapters enable easy integration of custom computations and specialized APIs into the Chainlink node.","{'score': 0, 'justification': 'Incorrect'}","{'score': 1, 'justification': 'Correct'}",7.84685492515564
What is a task in chainlink?,"In the Chainlink ecosystem, a ""task"" refers to a specific action or a series of actions that a Chainlink node performs as part of a job.

A job in Chainlink is defined by a Job Specification, which is a list of tasks that the Chainlink node is to perform. These tasks can range from fetching data from an API endpoint, parsing JSON data, performing computations, or even making a transaction on the blockchain.

For example, a Job Specification could have the following tasks:

HttpGet: Fetch data from a specific URL.
JsonParse: Parse the returned JSON data.
Multiply: Multiply the parsed number to account for decimal places.
EthUint256: Convert the resulting number to a format that's suitable for Ethereum.
EthTx: Send the resulting data to a specific function in a smart contract on the Ethereum network.
Each task is performed in the order specified in the Job Specification, and the output of one task is passed as the input to the next task in the list.

Chainlink nodes are compensated in LINK tokens for the computational resources used to perform these tasks. This incentivizes Chainlink nodes to reliably execute jobs and provide accurate data to smart contracts.","
A task in Chainlink is a unit of work that is composed of a set of configuration parameters and attributes. Tasks are arranged in a directed acyclic graph (DAG) to form a pipeline. Tasks can be used to fetch data from external sources, process data, and submit data to external applications. All tasks share a few common attributes, such as an index and a timeout.","{'score': 1, 'justification': 'Correct'}","{'score': 1, 'justification': 'Correct'}",8.532392978668213
What is The request and receive cycle in chainlink?,"The request and receive cycle in Chainlink describes the process of how a smart contract requests data from an off-chain source and receives the result. This cycle is facilitated by Chainlink nodes and involves several steps:

Request: A smart contract makes a data request to a Chainlink node. This request is typically encoded in a function call and includes the specific data being requested, and a callback function in the smart contract to receive the data. The contract also sends LINK tokens to the Chainlink node to pay for the data request.

Chainlink Node Receives the Request: The Chainlink node listens for these requests. When it detects one, it initiates the process to fulfill it.

Data Retrieval: The Chainlink node retrieves the requested data from the specified off-chain source. This could be a web API, a different blockchain, a database, or any other data source.

Aggregation (optional): If multiple Chainlink nodes are used to retrieve the same data (to increase data reliability), an aggregation contract might be used to calculate the final result from multiple responses. This could be a simple average, a weighted average, or any other method of combining the data.

Response: The Chainlink node (or aggregation contract) sends the data back to the smart contract. This is done by calling the callback function specified in the original request. The data is now available for the smart contract to use in its logic.

This cycle allows smart contracts to interact with the outside world in a decentralized and trustless manner, greatly expanding their potential use-cases. By using Chainlink, a smart contract can incorporate real-world data into its logic, make decisions based on this data, and even interact with systems outside of the blockchain.","
The request and receive cycle in Chainlink is the process by which a smart contract requests data from an oracle and receives the response in a separate transaction. This cycle involves the use of Oracle Jobs, which are configured with a set of tasks that must be completed when the job is run. These tasks can include built-in tasks such as HTTP, JSON Parse, Multiply, ETH ABI Encode, and ETH Tx, as well as custom adapters built by node operators and community members. The job specs example can be found in the Chainlink documentation.","{'score': 1, 'justification': 'Correct'}","{'score': 1, 'justification': 'Correct'}",12.038195371627808
What are jobs in Chainlink?,"In the Chainlink ecosystem, a ""job"" refers to a specific series of tasks that a Chainlink node is assigned to perform. Each job is defined by a Job Specification, which is written in JSON format and details the specific tasks a node should complete.

Chainlink jobs are generally used to fetch data from an off-chain API, perform certain operations on the data, and then deliver the data to a smart contract on the blockchain.

A typical Chainlink job might look something like this:

HTTP GET: This task instructs the Chainlink node to make a GET request to a specific API endpoint.

JSON Parse: After the HTTP GET task, the Chainlink node will have a JSON response from the API. This task instructs the node to parse the JSON and extract a specific piece of data.

Multiply: Often, the data received needs to be multiplied to convert it into a format suitable for the blockchain (since blockchains cannot handle decimal numbers).

ETHUint256: This task is used to convert the multiplied number to an Ethereum-compatible data type.

ETH TX: This task instructs the Chainlink node to send the final data to a smart contract on the Ethereum blockchain.

Each task in the job is performed in the specified order, and the output of one task is passed as the input to the next task in the chain.

Chainlink nodes are rewarded in LINK tokens for executing jobs. This provides an incentive for node operators to reliably fulfill data requests, and contributes to the decentralized and trustless nature of the Chainlink network.","
Jobs in Chainlink are typically related to developing and maintaining the Chainlink Network, such as creating critical developer tooling, adding high-quality data, and launching key services. Additionally, Chainlink runs and sponsors hackathons, which are a popular place for recruiting talent into the blockchain ecosystem.","{'score': 0, 'justification': 'Incorrect'}","{'score': 1, 'justification': 'Correct'}",6.564498662948608
How can i Acquire testnet LINK from Chainlink?,"you can acquire testnet LINK tokens for Chainlink development from faucets specific to each testnet. Here are the general steps:

Setup a Wallet: If you don't have one already, set up a Metamask or other Ethereum-compatible wallet. Make sure it's configured to connect to the appropriate Ethereum testnet (like Kovan, Rinkeby, or Ropsten).

Get Testnet Ether: You'll need testnet Ether (ETH) to pay for gas costs on the testnet. You can get this from various faucets like the Kovan faucet, Rinkeby faucet, or Ropsten faucet. You typically just need to enter your wallet address and request the testnet ETH.

Get Testnet LINK: Once you have some testnet ETH, visit a Chainlink faucet to receive testnet LINK. For example, for the Kovan testnet, you might use the Chainlink Kovan faucet. Enter your wallet address, and you'll receive testnet LINK.","
To acquire testnet LINK from Chainlink, go to the Chainlink faucet website at https://faucets.chain.link/, select the network where you want to receive testnet LINK, connect your wallet, and paste the wallet address you want to receive the testnet funds to. Then, select the testnet funds you want to receive, complete the Captcha, and click ""Send request"". After the transaction is confirmed on-chain, the faucet app will show ""Request complete"" and the transaction hash of your request.","{'score': 1, 'justification': 'Correct'}","{'score': 1, 'justification': 'Correct'}",13.601205110549927
What is the decentralized data model in Chainlink?,"The decentralized data model in Chainlink refers to its approach of using multiple independent nodes to provide data to smart contracts. This is in contrast to a centralized model, where a single entity or server provides the data.

In Chainlink's decentralized model, multiple independent, Sybil-resistant oracle nodes fetch data from various high-quality data sources. This approach has several advantages:

Reliability: Because multiple nodes are retrieving and reporting data, the system isn't reliant on a single point of failure. If one node goes down or reports incorrect data, the other nodes can still provide the correct data.

Security: The data provided by the nodes is more secure because it's much harder for a bad actor to manipulate. They would have to take control of or manipulate a majority of the nodes, which is significantly more difficult than attacking a single, centralized source.

Accuracy: Multiple nodes retrieving data from multiple sources allows for more accurate and reliable data. The data from all the nodes can be aggregated to provide a single, more accurate data point.

Chainlink's decentralized data model is a key feature that makes it attractive for DeFi and other decentralized applications. It allows smart contracts to interact with real-world data in a secure and reliable manner, without compromising the decentralized principles of blockchain technology.","
The Decentralized Data Model in Chainlink is an architecture that aggregates data from a decentralized network of independent oracle nodes. It describes how data is aggregated, and how consumer contracts can retrieve this data.","{'score': 1, 'justification': 'Correct'}","{'score': 1, 'justification': 'Correct'}",5.821688413619995
What data types are available for Rate and Volatility Feeds on Chainlink?,"The following data types are available:

Bitcoin Interest Rate Curve
ETH Staking APR
Realized Volatility","
The data types available for Rate and Volatility Feeds on Chainlink are Bitcoin Interest Rate Curve, ETH Staking APR, and Realized Volatility.","{'score': 1, 'justification': 'Correct'}","{'score': 1, 'justification': 'Correct'}",3.775815486907959
What is a Chainlink NFT Floor Price Feed?,"Chainlink NFT Floor Price Feeds provide a conservative and risk averse floor price estimate for an NFT collection. These feeds operate the same way as other Chainlink Data Feeds. NFT Floor Price Feeds are supported by Coinbase Cloud's aggregation algorithm and Chainlinkâ€™s oracle infrastructure to help eliminate extreme price outliers and make these feeds resistant to market manipulation. You can use NFT Floor Price Feeds for use cases that rely on high-quality NFT data, including lending and borrowing, on-chain derivatives, dynamic NFTs, gaming guilds, CeFi products, prediction markets, and more.","
A Chainlink NFT Floor Price Feed is a conservative and risk averse floor price estimate for an NFT collection. It is supported by Coinbase Cloud's aggregation algorithm and Chainlink's oracle infrastructure to help eliminate extreme price outliers and make these feeds resistant to market manipulation. It can be used for use cases that rely on high-quality NFT data, including lending and borrowing, on-chain derivatives, dynamic NFTs, gaming guilds, CeFi products, prediction markets, and more.","{'score': 1, 'justification': 'Correct'}","{'score': 1, 'justification': 'Correct'}",10.82076358795166
How can I Select Quality Data Feeds on Chainlink?,"Selecting quality data feeds on Chainlink involves evaluating several factors. Here are some of the key considerations:

Number of Nodes: More nodes contributing to a data feed generally means greater decentralization and higher resistance to manipulation.

Update Frequency: How often is the data feed updated? Depending on your use case, you might need a feed that updates very frequently.

Deviation Threshold: This is the amount by which the price must change compared to the last reported price for the nodes to post a new round of data. A smaller deviation threshold can lead to more frequent updates.

Oracle Reputation: Chainlink maintains a reputation system for its oracles (nodes). Higher reputation generally means the oracle has successfully completed more jobs.

Data Source Quality: While Chainlink nodes should be getting their data from high-quality sources, it's always good to confirm this yourself. Reliable data sources increase the overall quality of the data feed.

Chainlink provides a list of Price Feeds along with detailed metrics about each feed. These metrics include the number of oracles contributing to the feed, the update frequency, the median gas price of the latest transactions, etc.","
When selecting quality data feeds on Chainlink, you should consider the accuracy, availability, and quality of the data you choose to consume. Chainlink lists decentralized data feeds in the documentation to help developers build new applications integrated with data. Data feeds are grouped into categories based on the level of risk from lowest to highest: Verified Feeds, Monitored Feeds, Provisional Feeds, Custom Feeds, Specialized Feeds, and Deprecating. 

Verified Feeds are highly resilient to disruption, leverage many data sources, use an extensive network of nodes, and are highly liquid and well represented on a large number of markets. Monitored Feeds are under review by the Chainlink Labs team to support the stability of the broader ecosystem, but carry additional risk. Provisional Feeds are released on an initial 90-day probationary testing period and users must understand the additional market and volatility risks inherent with such assets. Custom Feeds are built to serve a specific use case and might not be suitable for general use or your use case's risk parameters. 

When using any of these feeds, users should join the official Chainlink Discord and subscribe to the data-feeds-user-notifications channel for important updates. Additionally, users","{'score': 1, 'justification': 'Correct'}","{'score': 1, 'justification': 'Correct'}",24.488775730133057
What are verified feeds on Chainlink?,"These are data feeds that follow a standardized data feeds workflow. Chainlink node operators each query several sources for the market price and aggregate the estimates provided by those sources.

Verified feeds have the following characteristics:

Highly resilient to disruption
Leverage many data sources
Use an extensive network of nodes
Highly liquid and well represented on a large number of markets
These feeds incorporate three layers of aggregation (at the data source, node operator, and oracle network layers), providing industry-grade security and reliability on the price data they reference. To learn more about the three layers of data aggregation, see the blog post about Data Aggregation in Chainlink Price Feeds.

Inherent risks might still exist based on your use case, the blockchain on which the feed is deployed and the conditions on that chain.","
Verified feeds on Chainlink are data feeds that follow a standardized data feeds workflow. Chainlink node operators each query several sources for the market price and aggregate the estimates provided by those sources. Verified feeds have the following characteristics: highly resilient to disruption, leverage many data sources, use an extensive network of nodes, and are highly liquid and well represented on a large number of markets. These feeds incorporate three layers of aggregation (at the data source, node operator, and oracle network layers), providing industry-grade security and reliability on the price data they reference.","{'score': 1, 'justification': 'Correct'}","{'score': 1, 'justification': 'Correct'}",12.083806276321411
